时间,应变值(με)
21:09:01,143.24
21:09:02,144.29
21:09:03,145.49
21:09:04,144.28
21:09:05,143.36
21:09:06,142.5
21:09:07,140.28
21:09:08,138.96
21:09:09,137.25
21:09:10,138.99
21:09:11,141.64
21:09:12,140.61
21:09:13,138.95
21:09:14,136.51
21:09:15,133.67
21:09:16,132.63
21:09:17,132.48
21:09:18,130.88
21:09:19,130.25
21:09:20,133.04
21:09:21,135.7
21:09:22,135.99
21:09:23,137.13
21:09:24,138.26
21:09:25,139.38
21:09:26,137.69
21:09:27,140.53
21:09:28,142.12
21:09:29,142.55
21:09:30,142.86
21:09:31,145.02
21:09:32,145.83
21:09:33,143.63
21:09:34,141.74
21:09:35,143.72
21:09:36,145.9
21:09:37,144.4
21:09:38,143.77
21:09:39,144.84
21:09:40,144.59
21:09:41,145.62
21:09:42,145.53
21:09:43,145.83
21:09:44,147.44
21:09:45,145.69
21:09:46,148.04
21:09:47,148.98
21:09:48,150.0
21:09:49,149.37
21:09:50,149.2
21:09:51,149.23
21:09:52,151.3
21:09:53,153.53
21:09:54,155.63
21:09:55,155.77
21:09:56,153.18
21:09:57,154.75
21:09:58,152.87
21:09:59,154.01
21:10:00,152.05
21:10:01,153.23
21:10:02,150.24
21:10:03,150.35
21:10:04,149.04
21:10:05,150.42
21:10:06,153.07
21:10:07,150.6
21:10:08,150.21
21:10:09,147.34
21:10:10,147.82
21:10:11,146.85
21:10:12,147.98
21:10:13,144.99
21:10:14,142.24
21:10:15,140.42
21:10:16,138.16
21:10:17,141.14
21:10:18,139.5
21:10:19,142.18
21:10:20,139.45
21:10:21,137.45
21:10:22,136.38
21:10:23,135.37
21:10:24,128.09
21:10:25,128.59
21:10:26,125.98
21:10:27,124.72
21:10:28,123.08
21:10:29,125.31
21:10:30,124.7
21:10:31,126.29
21:10:32,127.02
21:10:33,125.33
21:10:34,127.78
21:10:35,127.14
21:10:36,126.77
21:10:37,123.95
21:10:38,126.47
21:10:39,128.77
21:10:40,130.54
21:10:41,129.74
21:10:42,129.58
21:10:43,130.3
21:10:44,130.05
21:10:45,128.42
21:10:46,129.46
21:10:47,130.58
21:10:48,133.55
21:10:49,132.24
21:10:50,132.16
21:10:51,133.63
21:10:52,134.43
21:10:53,133.49
21:10:54,132.47
21:10:55,131.7
21:10:56,131.91
21:10:57,131.47
21:10:58,130.46
21:10:59,128.19
21:11:00,126.55
21:11:01,127.16
21:11:02,128.92
21:11:03,128.2
21:11:04,126.31
21:11:05,129.23
21:11:06,131.14
21:11:07,129.55
21:11:08,130.14
21:11:09,129.18
21:11:10,131.88
21:11:11,134.45
21:11:12,133.66
21:11:13,132.54
21:11:14,135.01
21:11:15,134.46
21:11:16,134.49
21:11:17,127.87
21:11:18,130.26
21:11:19,130.33
21:11:20,129.95
21:11:21,132.77
21:11:22,134.16
21:11:23,132.82
21:11:24,130.8
21:11:25,129.63
21:11:26,132.49
21:11:27,130.45
21:11:28,130.51
21:11:29,131.4
21:11:30,132.54
21:11:31,133.69
21:11:32,134.98
21:11:33,136.64
21:11:34,134.9
21:11:35,136.34
21:11:36,134.91
21:11:37,133.24
21:11:38,131.99
21:11:39,129.62
21:11:40,126.64
21:11:41,128.71
21:11:42,130.47
21:11:43,132.74
21:11:44,130.02
21:11:45,127.14
21:11:46,128.76
21:11:47,126.07
21:11:48,126.64
21:11:49,125.29
21:11:50,126.47
21:11:51,126.38
21:11:52,127.35
21:11:53,128.34
21:11:54,128.01
21:11:55,130.35
21:11:56,129.35
21:11:57,129.13
21:11:58,131.02
21:11:59,131.76
21:12:00,134.4
21:12:01,133.15
