序号,时间,应变值,报警类型
1,10:20:44,126.21,
2,10:20:45,103.70,
3,10:20:46,145.66,
4,10:20:47,115.57,
5,10:20:48,123.99,
6,10:20:49,144.98,
7,10:20:50,108.26,
8,10:20:51,131.75,
9,10:20:52,140.98,
10,10:20:53,134.74,
11,10:20:54,147.15,
12,10:20:55,114.45,
13,10:20:56,106.42,
14,10:20:57,141.82,
15,10:20:58,135.28,频繁超限报警
16,10:20:59,143.69,频繁超限报警
17,10:21:00,147.01,频繁超限报警
18,10:21:01,119.69,
19,10:21:02,122.03,频繁超限报警
20,10:21:03,116.09,
21,10:21:04,142.40,频繁超限报警
22,10:21:05,131.42,频繁超限报警
23,10:21:06,132.52,频繁超限报警
24,10:21:07,149.71,频繁超限报警
25,10:21:08,148.21,频繁超限报警
26,10:21:09,121.11,频繁超限报警
27,10:21:10,105.38,
28,10:21:11,127.48,频繁超限报警
29,10:21:12,139.26,频繁超限报警
30,10:21:13,105.66,
31,10:21:14,103.44,
32,10:21:15,112.37,
33,10:21:16,134.27,频繁超限报警
34,10:21:17,134.13,频繁超限报警
35,10:21:18,104.84,
36,10:21:19,109.77,
37,10:21:20,147.48,频繁超限报警
38,10:21:21,130.68,频繁超限报警
39,10:21:22,133.30,频繁超限报警
40,10:21:23,105.23,
41,10:21:24,137.29,频繁超限报警
42,10:21:25,116.27,
43,10:21:26,112.11,
44,10:21:27,102.50,
